Workbook

Sheet Verificação de escopo
A1: CatLog: Verificação de escopo (Checkpoint 1)
A2: Conferência do escopo definido pela equipe em relação aos requisitos mínimos da Seção 5 do documento norteador. Situação: Atendido, Parcial ou Não atendido.
A4: Nº | B4: Requisito mínimo | C4: Situação | D4: Onde está previsto | E4: Observações da equipe
A5: R1 | B5: Mínimo de 6 telas com navegação estruturada | C5: Atendido | D5: 12 telas (T01 a T12) no protótipo navegável | E5: Navegação separada por perfil, com barra inferior
A6: R2 | B6: Autenticação com 2 perfis de permissão distintos | C6: Atendido | D6: B05, B06 e B07 do backlog; telas T01 e T02 | E6: Perfis tutor e cuidador, com rotas protegidas por perfil
A7: R3 | B7: Manutenção completa de dados sobre 2 entidades | C7: Atendido | D7: B10 e B12 do backlog; telas T04, T05 e T06 | E7: Gato e item de saúde com inclusão, consulta, alteração e exclusão
A8: R4 | B8: Mínimo de 3 regras de negócio não triviais | C8: Atendido | D8: RN01 a RN08 do documento de projeto | E8: 8 regras, sendo 3 demonstradas no protótipo (RN01, RN02, RN03 e RN05)
A9: R5 | B9: Persistência local com tratamento de ausência de conectividade | C9: Atendido | D9: B28 do backlog; simulação sem internet no protótipo | E9: SQLite com fila de sincronização para relatórios e check-ins
A10: R6 | B10: Persistência remota com sincronização | C10: Atendido | D10: B03 e B28 do backlog | E10: API Spring Boot com PostgreSQL
A11: R7 | B11: Consumo de serviço ou API externa | C11: Atendido | D11: B08, B09 e B39 do backlog | E11: ViaCEP e Nominatim como essenciais; TheCatAPI como desejável
A12: R8 | B12: Uso de recurso nativo do dispositivo | C12: Atendido | D12: B11, B16, B25 e B27 do backlog | E12: Câmera, GPS e notificações
A13: R9 | B13: Listagens com filtro ou busca e visão consolidada | C13: Atendido | D13: B14, B18, B22 e B31; telas T04, T06, T07 e T09 | E13: Busca de gatos, filtros de cuidadores e de agenda, gráfico de peso e telas de resumo
A14: R10 | B14: Tratamento de erros e indicação de estados | C14: Atendido | D14: B32 do backlog; estados demonstrados no protótipo | E14: Carregamento, lista vazia, mensagens de erro e bloqueio de ações inválidas
A15: R11 | B15: Usabilidade e acessibilidade | C15: Atendido | D15: B04 e B33 do backlog | E15: Contraste, botões de 48 dp, rótulos para leitores de tela e fonte ampliável
... A18: R14 | B18: Pacote instalável testado em dispositivo físico | C18: Atendido | D18: B37 do backlog | E18: APK gerado pelo Expo e instalado nos celulares dos integrantes
A20: Resumo
A21: Requisitos atendidos no escopo | B21: =COUNTIF(C5:C18,"Atendido") -> 14
A22: Requisitos parciais | B22: =COUNTIF(C5:C18,"Parcial") -> 0
A23: Requisitos não atendidos | B23: =COUNTIF(C5:C18,"Não atendido") -> 0
A24: Total de requisitos | B24: =COUNTA(A5:A18) -> 14
A26: Como preencher: atualize a coluna Situação a cada ciclo. O resumo acima é calculado por fórmula e não deve ser digitado.
A27: Fonte dos requisitos: Documento norteador do Projeto Integrador, ADS PUC Goiás, 2026/2, Seção 5.

Sheet Backlog priorizado
A1: CatLog: Backlog priorizado (Checkpoint 1)
A2: Prioridade: Essencial, Importante ou Desejável. Estimativa em pontos de história (1, 2, 3, 5, 8 ou 13). Situação: A fazer, Em andamento, Concluído ou Replanejado.
A4: ID | B4: Épico | C4: História de usuário | D4: Critérios de aceitação | E4: Requisitos | F4: Prioridade | G4: Pontos | H4: Ciclo | I4: Responsável | J4: Situação
A5: B01 | B5: Base do projeto | C5: Como equipe, queremos o repositório configurado para trabalharmos em paralelo sem conflitos | D5: Repositório criado, branches main e develop, README inicial e .env.example versionados | E5: R13 | F5: Essencial | G5: 3 | H5: Ciclo 1 | I5: Gabriel | J5: Concluído
A6: B02 | B6: Base do projeto | C6: Como equipe, queremos o aplicativo estruturado em camadas para organizar o código desde o início | D6: Projeto Expo criado, pastas de telas, serviços e dados, navegação entre telas funcionando | E6: R1, R12 | F6: Essencial | G6: 5 | H6: Ciclo 1 | I6: Gabriel | J6: Em andamento
A7: B03 | B7: Base do projeto | C7: Como equipe, queremos a API estruturada em camadas com banco de dados para receber os primeiros dados | D7: API Spring Boot com camadas controller, service e repository, banco PostgreSQL e migrações Flyway | E7: R6, R12 | F7: Essencial | G7: 5 | H7: Ciclo 1 | I7: Sophia | J7: Em andamento
A8: B04 | B8: Base do projeto | C8: Como equipe, queremos um padrão visual acessível para todas as telas seguirem o mesmo estilo | D8: Paleta com contraste mínimo de 4,5:1, tipografia definida e componentes de botão, campo e cartão | E8: R11 | F8: Essencial | G8: 3 | H8: Ciclo 1 | I8: Hemily | J8: Em andamento
A9: B05 | B9: Conta e acesso | C9: Como visitante, quero criar uma conta escolhendo se sou tutor ou cuidador para usar o aplicativo | D9: Cadastro valida e-mail único e senha com 8 caracteres, salva a senha criptografada e já faz login | E9: RF01 | F9: Essencial | G9: 5 | H9: Ciclo 1 | I9: Sophia | J9: A fazer
A10: B06 | B10: Conta e acesso | C10: Como usuário cadastrado, quero entrar com e-mail e senha para acessar minha área | D10: Login retorna token JWT, erro de senha mostra mensagem clara e o app leva para a tela do perfil certo | E10: RF02 | F10: Essencial | G10: 5 | H10: Ciclo 1 | I10: Sophia | J10: A fazer
A11: B07 | B11: Conta e acesso | C11: Como usuário, quero que minhas informações só sejam acessadas por quem tem permissão | D11: Rotas da API exigem token válido e conferem o perfil; telas do outro perfil não aparecem na navegação | E11: RF02, R2 | F11: Essencial | G11: 3 | H11: Ciclo 1 | I11: Gabriel | J11: A fazer
A12: B08 | B12: Conta e acesso | C12: Como usuário, quero cadastrar meus endereços informando o CEP para não digitar tudo | D12: Ao digitar o CEP, o endereço é preenchido pelo ViaCEP; se o serviço falhar, é possível preencher à mão | E12: RF03, R7 | F12: Essencial | G12: 5 | H12: Ciclo 2 | I12: Hemily | J12: A fazer
A13: B09 | B13: Conta e acesso | C13: Como sistema, preciso da latitude e longitude do endereço para calcular distâncias | D13: Endereço salvo vira coordenadas pelo Nominatim; falha na conversão não impede salvar o endereço | E13: RF03, R7 | F13: Essencial | G13: 3 | H13: Ciclo 2 | I13: Sophia | J13: A fazer
A14: B10 | B14: Gatos e saúde | C14: Como tutor, quero cadastrar, consultar, editar e excluir meus gatos | D14: Cadastro exige nome e sexo, lista mostra todos os gatos, edição e exclusão pedem confirmação | E14: RF04, R3 | F14: Essencial | G14: 8 | H14: Ciclo 1 | I14: Gabriel | J14: A fazer
A15: B11 | B15: Gatos e saúde | C15: Como tutor, quero colocar uma foto do meu gato tirada pela câmera ou escolhida na galeria | D15: App pede permissão, comprime a foto para cerca de 1 MB e mostra a imagem no perfil do gato | E15: RF04, R8 | F15: Importante | G15: 5 | H15: Ciclo 2 | I15: Hemily | J15: A fazer
A16: B12 | B16: Gatos e saúde | C16: Como tutor, quero registrar vacinas, vermífugos e remédios de cada gato | D16: Cadastro com tipo, nome, data de aplicação e próxima dose; permite editar e excluir | E16: RF05, R3 | F16: Essencial | G16: 8 | H16: Ciclo 2 | I16: Sophia | J16: A fazer
... A43: B39 | B43: Gatos e saúde | C43: Como tutor, quero escolher a raça do meu gato a partir de uma lista pronta | D43: Lista de raças vem de serviço externo; se falhar, o campo aceita texto livre | E43: RF20, R7 | F43: Desejável | G43: 3 | H43: Ciclo 4 | I43: Hemily | J43: A fazer
C45: Total de pontos | G45: =SUM(G5:G43) -> 202

Sheet Resumo
A1: CatLog: Resumo do backlog
A2: Todos os valores desta aba são calculados a partir da aba Backlog priorizado.
A4: Por prioridade
A5: Categoria | B5: Itens | C5: Pontos
A6: Essencial | B6: =COUNTIF('Backlog priorizado'!$F$5:$F$43,"Essencial") -> 30 | C6: =SUMIF('Backlog priorizado'!$F$5:$F$43,"Essencial",'Backlog priorizado'!$G$5:$G$43) -> 167
A7: Importante | B7: =COUNTIF('Backlog priorizado'!$F$5:$F$43,"Importante") -> 8 | C7: =SUMIF('Backlog priorizado'!$F$5:$F$43,"Importante",'Backlog priorizado'!$G$5:$G$43) -> 32
A8: Desejável | B8: =COUNTIF('Backlog priorizado'!$F$5:$F$43,"Desejável") -> 1 | C8: =SUMIF('Backlog priorizado'!$F$5:$F$43,"Desejável",'Backlog priorizado'!$G$5:$G$43) -> 3
A11: Por ciclo
A12: Categoria | B12: Itens | C12: Pontos
A13: Ciclo 1 | B13: =COUNTIF('Backlog priorizado'!$H$5:$H$43,"Ciclo 1") -> 8 | C13: =SUMIF('Backlog priorizado'!$H$5:$H$43,"Ciclo 1",'Backlog priorizado'!$G$5:$G$43) -> 37
A14: Ciclo 2 | B14: =COUNTIF('Backlog priorizado'!$H$5:$H$43,"Ciclo 2") -> 14 | C14: =SUMIF('Backlog priorizado'!$H$5:$H$43,"Ciclo 2",'Backlog priorizado'!$G$5:$G$43) -> 74
A15: Ciclo 3 | B15: =COUNTIF('Backlog priorizado'!$H$5:$H$43,"Ciclo 3") -> 9 | C15: =SUMIF('Backlog priorizado'!$H$5:$H$43,"Ciclo 3",'Backlog priorizado'!$G$5:$G$43) -> 52
A16: Ciclo 4 | B16: =COUNTIF('Backlog priorizado'!$H$5:$H$43,"Ciclo 4") -> 5 | C16: =SUMIF('Backlog priorizado'!$H$5:$H$43,"Ciclo 4",'Backlog priorizado'!$G$5:$G$43) -> 24
A17: Verificação | B17: =COUNTIF('Backlog priorizado'!$H$5:$H$43,"Verificação") -> 2 | C17: =SUMIF('Backlog priorizado'!$H$5:$H$43,"Verificação",'Backlog priorizado'!$G$5:$G$43) -> 10
A18: Encerramento | B18: =COUNTIF('Backlog priorizado'!$H$5:$H$43,"Encerramento") -> 1 | C18: =SUMIF('Backlog priorizado'!$H$5:$H$43,"Encerramento",'Backlog priorizado'!$G$5:$G$43) -> 5
A21: Por responsável
A22: Categoria | B22: Itens | C22: Pontos
A23: Sophia | B23: =COUNTIF('Backlog priorizado'!$I$5:$I$43,"Sophia") -> 12 | C23: =SUMIF('Backlog priorizado'!$I$5:$I$43,"Sophia",'Backlog priorizado'!$G$5:$G$43) -> 70
A24: Gabriel | B24: =COUNTIF('Backlog priorizado'!$I$5:$I$43,"Gabriel") -> 13 | C24: =SUMIF('Backlog priorizado'!$I$5:$I$43,"Gabriel",'Backlog priorizado'!$G$5:$G$43) -> 65
A25: Hemily | B25: =COUNTIF('Backlog priorizado'!$I$5:$I$43,"Hemily") -> 12 | C25: =SUMIF('Backlog priorizado'!$I$5:$I$43,"Hemily",'Backlog priorizado'!$G$5:$G$43) -> 54
A26: Todos | B26: =COUNTIF('Backlog priorizado'!$I$5:$I$43,"Todos") -> 2 | C26: =SUMIF('Backlog priorizado'!$I$5:$I$43,"Todos",'Backlog priorizado'!$G$5:$G$43) -> 13
A29: Por situação
A30: Categoria | B30: Itens | C30: Pontos
A31: A fazer | B31: =COUNTIF('Backlog priorizado'!$J$5:$J$43,"A fazer") -> 35 | C31: =SUMIF('Backlog priorizado'!$J$5:$J$43,"A fazer",'Backlog priorizado'!$G$5:$G$43) -> 186
A32: Em andamento | B32: =COUNTIF('Backlog priorizado'!$J$5:$J$43,"Em andamento") -> 3 | C32: =SUMIF('Backlog priorizado'!$J$5:$J$43,"Em andamento",'Backlog priorizado'!$G$5:$G$43) -> 13
A33: Concluído | B33: =COUNTIF('Backlog priorizado'!$J$5:$J$43,"Concluído") -> 1 | C33: =SUMIF('Backlog priorizado'!$J$5:$J$43,"Concluído",'Backlog priorizado'!$G$5:$G$43) -> 3
A34: Replanejado | B34: =COUNTIF('Backlog priorizado'!$J$5:$J$43,"Replanejado") -> 0 | C34: =SUMIF('Backlog priorizado'!$J$5:$J$43,"Replanejado",'Backlog priorizado'!$G$5:$G$43) -> 0
